{
  "accuracy": 59.21641791044776,
  "precision": 45.95245146277997,
  "recall": 69.50182964538648,
  "f1_score": 44.68384547157895,
  "kernel": "RBF Kernel",
  "features": "packet_size, protocol, latency, packet_rate, conn_frequency",
  "training_timestamp": "2026-07-21T18:00:17Z",
  "dataset_info": "CICIDS2017 Real Sample Subset",
  "confusion_matrix": [
    [
      1928,
      244,
      80,
      82,
      287,
      914,
      110
    ],
    [
      9,
      223,
      0,
      15,
      0,
      146,
      0
    ],
    [
      0,
      0,
      8,
      0,
      0,
      11,
      0
    ],
    [
      7,
      10,
      22,
      378,
      14,
      136,
      42
    ],
    [
      0,
      0,
      0,
      0,
      6,
      0,
      1
    ],
    [
      0,
      0,
      1,
      0,
      0,
      250,
      0
    ],
    [
      14,
      2,
      3,
      0,
      0,
      36,
      381
    ]
  ],
  "report": {
    "Normal": {
      "precision": 0.9846782431052093,
      "recall": 0.5289437585733882,
      "f1-score": 0.6882027485275745,
      "support": 3645.0
    },
    "DoS": {
      "precision": 0.46555323590814196,
      "recall": 0.5674300254452926,
      "f1-score": 0.5114678899082569,
      "support": 393.0
    },
    "DDoS": {
      "precision": 0.07017543859649122,
      "recall": 0.42105263157894735,
      "f1-score": 0.12030075187969924,
      "support": 19.0
    },
    "Brute Force": {
      "precision": 0.7957894736842105,
      "recall": 0.6206896551724138,
      "f1-score": 0.6974169741697417,
      "support": 609.0
    },
    "Reconnaissance": {
      "precision": 0.019543973941368076,
      "recall": 0.8571428571428571,
      "f1-score": 0.03821656050955414,
      "support": 7.0
    },
    "Mirai": {
      "precision": 0.16744809109176156,
      "recall": 0.9960159362549801,
      "f1-score": 0.286697247706422,
      "support": 251.0
    },
    "Other Attacks": {
      "precision": 0.7134831460674157,
      "recall": 0.8738532110091743,
      "f1-score": 0.7855670103092783,
      "support": 436.0
    },
    "accuracy": 0.5921641791044776,
    "macro avg": {
      "precision": 0.4595245146277997,
      "recall": 0.6950182964538648,
      "f1-score": 0.4468384547157895,
      "support": 5360.0
    },
    "weighted avg": {
      "precision": 0.8603225132470933,
      "recall": 0.5921641791044776,
      "f1-score": 0.66254744258671,
      "support": 5360.0
    }
  }
}